Date,Price,Open,High,Low,Vol.,Change %
16-Feb-22,"3,069.74","3,182.32","3,184.15","3,045.92",401.88K,-3.54%
15-Feb-22,"3,182.27","2,929.29","3,193.18","2,912.61",540.04K,8.64%
14-Feb-22,"2,929.31","2,871.06",,"2,834.13",477.24K,2.06%
13-Feb-22,"2,870.25","2,917.16","2,952.94","2,838.29",303.12K,-1.61%
12-Feb-22,,"2,927.64","2,984.72","2,858.85",433.29K,-0.36%
11-Feb-22,"2,927.63","3,071.80","3,136.33","2,880.60",607.93K,-4.69%
10-Feb-22,"3,071.83","3,243.73","3,277.36","3,058.59",742.54K,-5.30%
09-Feb-22,"3,243.62","3,115.91","3,266.41","3,055.95",477.82K,4.10%
08-Feb-22,"3,115.88","3,139.65","3,228.86","3,029.70",,-0.77%
07-Feb-22,"3,140.18","3,056.29","3,185.77","2,995.59",568.42K,2.75%
06-Feb-22,"3,056.20","3,013.75","3,073.23","2,957.16",316.58K,1.41%
05-Feb-22,"3,013.81","2,994.74","3,058.88","2,963.11",473.62K,0.63%
,"2,994.99","2,692.80","2,994.99","2,671.72",908.75K,11.22%
03-Feb-22,"2,692.80","2,680.66","2,723.97","2,579.80",549.27K,0.44%
02-Feb-22,"2,681.00","2,787.16","2,809.57","2,618.07",602.40K,
01-Feb-22,"2,787.16","2,686.82","2,808.60","2,676.32",521.74K,3.73%
31-Jan-22,"2,686.82","2,602.71","2,704.64","2,478.85",601.73K,3.23%
30-Jan-22,"2,602.77","2,600.12","2,636.04","2,543.99",381.84K,0.11%
29-Jan-22,"2,600.02","2,545.95","2,632.51","2,520.14",484.18K,2.12%
28-Jan-22,"2,545.95","2,424.66","2,556.34","2,362.53",634.50K,5.00%
27-Jan-22,"2,424.66","2,462.25","2,515.19","2,317.30",774.54K,-1.49%
26-Jan-22,"2,461.41","2,458.07","2,719.32","2,405.66",1.05M,0.14%
25-Jan-22,"2,458.07","2,441.01","2,504.32","2,352.36",656.03K,0.70%
24-Jan-22,"2,441.01",,"2,540.81","2,161.55",1.56M,-3.93%
23-Jan-22,"2,540.81","2,412.52","2,547.19","2,373.85",766.83K,5.32%
22-Jan-22,"2,412.52","2,570.67","2,621.21","2,311.80",1.48M,-6.17%
21-Jan-22,"2,571.29","3,000.21","3,032.69","2,471.80",1.42M,-14.43%
20-Jan-22,"3,004.72","3,084.48","3,270.71","2,989.19",481.08K,-2.56%
19-Jan-22,"3,083.65","3,160.15","3,173.63","3,049.30",459.81K,-2.42%
18-Jan-22,"3,160.15","3,209.43","3,242.47","3,084.48",399.19K,-1.53%
17-Jan-22,"3,209.35","3,346.63","3,356.45","3,142.40",375.28K,-4.10%
16-Jan-22,"3,346.59","3,326.50","3,388.22","3,276.44",295.68K,0.57%
15-Jan-22,,"3,307.84","3,369.95","3,265.41",292.10K,0.60%
14-Jan-22,"3,307.90","3,241.95","3,341.24","3,195.65",415.18K,2.16%
13-Jan-22,"3,238.03","3,370.87","3,407.98","3,234.97",462.81K,-3.94%
12-Jan-22,"3,370.89","3,238.22","3,406.79","3,208.00",530.96K,4.11%
11-Jan-22,"3,237.89","3,084.64","3,262.78","3,053.40",505.21K,4.94%
10-Jan-22,"3,085.43","3,150.27","3,179.96","2,931.68",804.38K,-2.06%
09-Jan-22,"3,150.30","3,079.89","3,210.34","3,060.47",415.87K,2.28%
08-Jan-22,"3,080.02","3,198.14","3,244.46","3,001.76",566.06K,-3.61%
07-Jan-22,"3,195.31","3,407.22","3,413.26","3,077.30",979.25K,-6.23%
06-Jan-22,"3,407.77","3,536.15","3,550.19","3,306.14",701.89K,-3.62%
,"3,535.86","3,784.47","3,846.44","3,418.46",582.71K,-6.69%
04-Jan-22,"3,789.52","3,764.62","3,889.07","3,715.24",415.81K,0.67%
03-Jan-22,"3,764.24","3,830.70","3,849.50","3,682.48",338.51K,-1.73%
02-Jan-22,"3,830.67","3,765.67","3,851.16","3,718.33",242.55K,1.73%
01-Jan-22,"3,765.67","3,677.69","3,775.20","3,675.75",239.54K,2.39%
31-Dec-21,"3,677.85","3,709.38","3,812.01","3,623.74",405.65K,-0.85%
30-Dec-21,"3,709.57","3,629.33","3,767.93","3,589.64",355.72K,2.25%
29-Dec-21,"3,627.93","3,792.95","3,825.97","3,607.20",456.03K,-4.32%
28-Dec-21,"3,791.69","4,036.86","4,036.86","3,760.86",527.23K,-6.06%
27-Dec-21,"4,036.24","4,062.02","4,125.22","4,033.04",313.32K,-0.62%
26-Dec-21,"4,061.27","4,093.38","4,104.23","4,005.38",283.58K,-0.78%
25-Dec-21,"4,093.14","4,043.60","4,136.03","4,024.87",308.53K,1.23%
24-Dec-21,"4,043.39","4,110.20","4,133.77","4,024.24",353.85K,-1.62%
23-Dec-21,"4,110.14","3,979.57","4,149.17","3,895.89",573.18K,3.28%
22-Dec-21,"3,979.54","4,016.25","4,072.40","3,944.15",426.43K,-0.92%
21-Dec-21,"4,016.59","3,944.03","4,058.76","3,915.56",496.71K,1.98%
20-Dec-21,"3,938.80","3,925.46","3,978.66","3,757.42",531.11K,0.34%
19-Dec-21,"3,925.34","3,959.90","4,025.36","3,890.90",442.49K,-0.87%
18-Dec-21,"3,959.83","3,878.20","3,993.05","3,769.91",475.86K,2.10%
17-Dec-21,"3,878.29","3,957.12","3,993.87","3,702.33",654.90K,-1.98%
16-Dec-21,"3,956.62","4,019.57","4,108.24","3,955.46",512.12K,-1.56%
15-Dec-21,"4,019.24","3,860.51","4,090.15","3,649.69",821.22K,4.08%
14-Dec-21,"3,861.55","3,782.12","3,879.43","3,690.06",577.61K,2.11%
13-Dec-21,"3,781.94","4,131.47","4,141.27","3,673.19",891.67K,-8.47%
12-Dec-21,"4,131.78","4,078.17","4,173.21","3,988.29",360.45K,1.38%
11-Dec-21,"4,075.66","3,903.52","4,094.92","3,836.92",581.26K,4.41%
10-Dec-21,"3,903.48","4,107.20","4,226.79","3,894.03",798.12K,-4.97%
09-Dec-21,"4,107.69","4,435.74","4,482.89","4,078.14",642.17K,-7.40%
08-Dec-21,"4,435.74","4,307.08","4,449.69","4,229.63",574.33K,2.99%
07-Dec-21,"4,307.08","4,351.36","4,424.20","4,259.45",550.78K,-1.06%
06-Dec-21,"4,353.31","4,194.95","4,373.23","3,922.65",993.79K,3.78%
05-Dec-21,"4,194.80",,"4,247.38","4,036.00",707.69K,1.73%
04-Dec-21,"4,123.46","4,219.30","4,237.56","3,533.02",1.52M,-2.27%
03-Dec-21,"4,219.30","4,512.90","4,646.73","4,047.07",942.77K,-6.51%
02-Dec-21,"4,512.90","4,583.28","4,629.75","4,437.53",608.07K,-1.54%
01-Dec-21,"4,583.28","4,628.72","4,778.14","4,525.33",669.18K,-0.99%
30-Nov-21,"4,628.90","4,443.22","4,749.12","4,349.21",973.46K,4.18%
29-Nov-21,"4,443.22","4,296.98","4,456.82","4,280.18",532.66K,3.40%
28-Nov-21,"4,296.98","4,095.16","4,297.63","3,980.24",487.53K,4.94%
27-Nov-21,"4,094.80","4,037.06","4,183.02","4,029.06",370.73K,1.49%
26-Nov-21,"4,034.53","4,520.30","4,548.10","3,917.43",1.00M,-10.75%
25-Nov-21,"4,520.30","4,270.73",,"4,248.90",578.65K,5.77%
24-Nov-21,"4,273.54","4,340.23","4,372.83","4,172.19",595.96K,-1.54%
23-Nov-21,"4,340.23","4,086.73","4,384.75","4,064.17",684.35K,6.20%
22-Nov-21,"4,086.95","4,268.07","4,311.46","4,026.75",717.08K,-4.24%
21-Nov-21,"4,268.08","4,409.02","4,422.60","4,246.20",446.23K,-3.19%
,"4,408.85","4,295.27","4,434.27","4,206.75",462.99K,2.64%
19-Nov-21,"4,295.43","3,996.29","4,305.41","3,978.08",571.96K,7.34%
18-Nov-21,"4,001.87","4,290.31","4,342.74","3,958.44",792.38K,-6.74%
17-Nov-21,"4,290.88","4,208.29","4,298.30","4,071.01",664.94K,1.97%
16-Nov-21,"4,208.16","4,562.97","4,562.97","4,115.31",1.12M,-7.78%
15-Nov-21,"4,562.98","4,625.71","4,769.38","4,543.47",495.96K,-1.35%
14-Nov-21,"4,625.59","4,644.40","4,692.76","4,514.95",340.96K,-0.41%
13-Nov-21,"4,644.61","4,665.76","4,705.02","4,585.37",290.27K,-0.49%
12-Nov-21,"4,667.31","4,720.50","4,807.16","4,511.96",634.59K,-1.13%
11-Nov-21,"4,720.87","4,633.98","4,778.17","4,578.66",418.61K,1.87%
10-Nov-21,"4,634.03","4,731.83","4,864.06","4,498.78",761.90K,-2.07%
09-Nov-21,"4,731.83","4,808.34","4,836.69","4,715.43",437.41K,-1.59%
08-Nov-21,"4,808.38","4,612.05","4,822.97","4,612.05",673.21K,4.26%
07-Nov-21,"4,612.06","4,517.27","4,634.39","4,502.70",337.81K,2.10%
06-Nov-21,"4,517.36","4,475.00","4,526.75","4,330.29",442.60K,0.95%
05-Nov-21,"4,475.00","4,534.96","4,569.31","4,439.67",409.75K,-1.33%
04-Nov-21,"4,535.11","4,601.93","4,604.83","4,421.87",495.86K,-1.46%
03-Nov-21,"4,602.21","4,586.96","4,661.88","4,458.87",634.68K,0.35%
02-Nov-21,"4,586.06","4,320.85","4,598.38","4,287.36",630.26K,6.14%
01-Nov-21,"4,320.85","4,287.41","4,376.94","4,157.51",574.26K,0.78%
31-Oct-21,"4,287.56","4,322.00","4,393.61","4,169.48",555.32K,-0.77%
30-Oct-21,"4,320.65","4,413.70","4,428.41","4,250.24",494.87K,-2.11%
29-Oct-21,"4,413.70","4,284.90","4,458.30","4,268.21",781.57K,3.01%
28-Oct-21,"4,284.90","3,921.54","4,289.80","3,896.33",865.80K,9.25%
27-Oct-21,"3,921.93","4,130.06","4,299.61","3,914.06",1.07M,-5.03%
26-Oct-21,"4,129.51","4,219.92","4,291.98","4,098.19",559.29K,-2.14%
25-Oct-21,"4,219.92","4,082.68","4,234.76","4,069.94",481.41K,3.36%
24-Oct-21,"4,082.80","4,168.80","4,184.00","3,965.84",507.63K,-2.06%
23-Oct-21,"4,168.85","3,970.94","4,169.33","3,938.79",487.03K,4.98%
22-Oct-21,"3,970.94","4,053.89","4,164.11","3,896.40",654.77K,-2.05%
21-Oct-21,"4,054.16","4,160.51","4,366.91","4,029.48",1.14M,-2.54%
20-Oct-21,"4,159.89","3,876.76","4,168.12","3,830.26",752.03K,7.30%
19-Oct-21,"3,876.78","3,745.46","3,884.34","3,733.78",488.60K,3.45%
18-Oct-21,"3,747.60","3,848.64","3,892.01","3,685.82",578.21K,-2.55%
17-Oct-21,"3,845.47","3,827.55","3,917.56","3,664.63",543.52K,0.47%
16-Oct-21,"3,827.55","3,869.05","3,967.43","3,804.55",527.61K,-1.02%
15-Oct-21,"3,866.90","3,790.34","3,904.91","3,735.21",,2.02%
14-Oct-21,"3,790.41","3,607.36","3,820.47","3,588.24",697.09K,5.08%
13-Oct-21,"3,607.28","3,491.08","3,612.04","3,416.00",557.18K,3.36%
12-Oct-21,"3,489.90","3,541.49","3,545.35","3,404.49",609.89K,-1.56%
11-Oct-21,"3,545.06","3,414.93","3,622.53","3,381.43",683.24K,3.81%
10-Oct-21,"3,415.03",,"3,599.18","3,409.22",767.49K,-4.45%
09-Oct-21,"3,574.20","3,559.96","3,626.11","3,541.40",464.11K,0.42%
08-Oct-21,"3,559.42","3,586.91","3,668.35","3,537.24",681.74K,-0.74%
07-Oct-21,"3,586.00","3,575.43","3,650.18","3,473.47",826.29K,0.30%
06-Oct-21,"3,575.41","3,515.35","3,627.19","3,345.56",1.05M,1.65%
05-Oct-21,"3,517.26","3,383.32","3,540.83","3,365.28",663.88K,3.97%
04-Oct-21,"3,382.90","3,417.26","3,436.34","3,273.22",826.83K,-1.01%
03-Oct-21,"3,417.34","3,388.83","3,485.48","3,346.63",642.59K,0.84%
02-Oct-21,"3,388.97","3,309.14","3,467.95","3,265.97",778.15K,
01-Oct-21,"3,309.13","2,999.86","3,329.32","2,972.75",1.14M,10.28%
,"3,000.59","2,851.06","3,047.08","2,837.68",968.23K,5.23%
29-Sep-21,"2,851.50","2,807.15","2,948.50","2,784.66",728.86K,1.57%
28-Sep-21,"2,807.28","2,926.04","2,969.18","2,791.42",896.28K,-4.07%
27-Sep-21,"2,926.24","3,061.86","3,163.86","2,926.24",865.30K,-4.48%
26-Sep-21,"3,063.51","2,922.47","3,113.65","2,740.12",1.33M,4.82%
25-Sep-21,"2,922.55","2,928.59","2,965.48","2,812.70",975.49K,-0.21%
24-Sep-21,"2,928.57","3,152.92","3,158.38","2,740.06",1.74M,-7.12%
23-Sep-21,"3,152.92","3,077.80","3,173.00","3,035.96",841.54K,2.44%
22-Sep-21,"3,077.78","2,764.71","3,087.97","2,740.58",1.19M,11.45%
21-Sep-21,"2,761.52","2,976.70","3,101.88","2,659.71",1.79M,-7.21%
20-Sep-21,"2,976.05","3,328.49","3,344.04","2,931.64",1.72M,-10.61%
19-Sep-21,"3,329.12","3,435.92","3,455.67","3,282.85",614.00K,-3.11%
18-Sep-21,"3,435.97","3,398.55","3,539.50","3,371.33",600.19K,1.10%
17-Sep-21,"3,398.65","3,569.92","3,592.20","3,352.32",748.10K,-4.78%
16-Sep-21,"3,569.43","3,612.23","3,672.68","3,488.53",195.79K,-1.18%
15-Sep-21,"3,611.90","3,430.36","3,612.29","3,361.63",790.27K,5.34%
14-Sep-21,"3,428.87","3,284.65","3,428.87","3,270.91",720.34K,4.39%
13-Sep-21,"3,284.52","3,408.17","3,429.24","3,118.66",1.34M,-3.63%
12-Sep-21,"3,408.28","3,267.33","3,469.50","3,231.87",805.97K,4.31%
11-Sep-21,"3,267.33","3,209.37","3,345.37","3,202.41",732.95K,1.87%
10-Sep-21,"3,207.27","3,423.87","3,512.90","3,156.28",1.21M,-6.32%
09-Sep-21,"3,423.51","3,498.92","3,564.30","3,395.94",1.09M,-2.05%
08-Sep-21,"3,495.10","3,424.35","3,557.67","3,221.60",780.68K,2.10%
07-Sep-21,"3,423.12","3,926.84","3,945.79","3,061.30",2.47M,-12.84%
06-Sep-21,"3,927.21","3,950.20","3,968.20","3,867.55",764.56K,-0.59%
05-Sep-21,"3,950.62","3,885.40","3,981.22","3,834.74",714.16K,1.69%
04-Sep-21,"3,884.97","3,938.45","3,968.33","3,844.07",672.53K,-1.30%
03-Sep-21,"3,936.29","3,785.85","4,024.89","3,715.97",1.20M,3.96%
02-Sep-21,"3,786.19","3,826.90","3,833.89","3,723.42",928.70K,-1.21%
01-Sep-21,"3,832.73","3,429.65","3,839.91","3,384.82",1.48M,11.72%
31-Aug-21,"3,430.74","3,228.23","3,467.42","3,191.34",1.52M,6.36%
30-Aug-21,"3,225.67","3,222.43","3,345.72","3,145.53",966.58K,0.11%
29-Aug-21,"3,222.16","3,243.96","3,282.21","3,155.31",643.73K,-0.67%
28-Aug-21,"3,243.90","3,273.78","3,284.58","3,212.24",466.21K,-0.91%
27-Aug-21,"3,273.58","3,093.78","3,279.93","3,063.37",839.54K,5.82%
26-Aug-21,"3,093.54","3,228.03","3,249.62","3,057.48",118.44K,-4.17%
25-Aug-21,"3,228.15","3,172.12","3,247.43","3,080.70",923.13K,1.73%
24-Aug-21,"3,173.26","3,322.60","3,357.99","3,150.75",988.82K,-4.41%
23-Aug-21,"3,319.49","3,238.41","3,375.42","3,231.96",1.09M,2.49%
22-Aug-21,"3,238.70","3,224.17","3,271.94","3,128.98",747.65K,0.46%
21-Aug-21,"3,223.96","3,285.12","3,307.33","3,200.19",768.74K,-1.83%
20-Aug-21,"3,284.21","3,184.83","3,300.36","3,179.18",739.32K,3.12%
19-Aug-21,"3,184.82","3,016.92","3,185.51","2,962.04",844.13K,5.57%
18-Aug-21,"3,016.91","3,012.62","3,124.51","2,951.04",750.74K,0.08%
17-Aug-21,"3,014.58","3,147.67","3,290.03","2,993.63",1.06M,-4.23%
16-Aug-21,"3,147.65","3,307.96","3,334.22","3,138.37",859.09K,-4.87%
15-Aug-21,"3,308.87","3,264.56","3,318.61","3,115.34",782.81K,1.35%
14-Aug-21,"3,264.69","3,322.25","3,328.38","3,209.45",658.60K,-1.74%
13-Aug-21,"3,322.43","3,043.20","3,324.53","3,035.52",795.54K,9.16%
12-Aug-21,"3,043.61","3,160.17","3,236.28","2,981.35",965.63K,-3.79%
11-Aug-21,"3,163.66","3,140.86","3,269.70","3,122.67",950.12K,0.73%
10-Aug-21,"3,140.71","3,162.81","3,232.02","3,057.84",1.12M,-0.70%
09-Aug-21,"3,162.93","3,011.88","3,184.84","2,899.24",1.44M,5.01%
08-Aug-21,"3,012.07","3,158.30","3,188.49","2,949.66",1.25M,-4.62%
07-Aug-21,"3,158.00","2,889.58","3,169.74","2,867.58",64.84K,9.29%
06-Aug-21,"2,889.43","2,827.23","2,946.62",,1.06M,2.20%
05-Aug-21,"2,827.21","2,725.28","2,842.95","2,533.51",1.65M,3.74%
04-Aug-21,"2,725.29","2,506.50","2,766.46","2,462.32",1.23M,8.72%
03-Aug-21,"2,506.65","2,608.01","2,631.43","2,445.49",158.45K,-3.89%
02-Aug-21,"2,608.04","2,556.07","2,664.73","2,513.51",970.67K,2.03%
01-Aug-21,"2,556.23","2,530.94","2,696.38","2,515.26",1.20M,0.95%
31-Jul-21,"2,532.19","2,461.08","2,551.68","2,421.70",507.08K,2.89%
,"2,460.95","2,380.59","2,467.40","2,320.80",1.03M,3.36%
29-Jul-21,"2,380.93","2,299.46","2,397.71","2,269.15",642.75K,3.56%
28-Jul-21,"2,299.11","2,300.21","2,343.49","2,246.23",968.94K,-0.05%
27-Jul-21,"2,300.22","2,230.24",,"2,152.92",1.25M,3.17%
26-Jul-21,"2,229.53","2,189.74","2,430.01","2,174.44",1.89M,1.81%
25-Jul-21,"2,189.79","2,166.98","2,195.03","2,108.74",786.94K,1.76%
24-Jul-21,"2,151.85","2,124.00","2,162.29","2,106.71",907.11K,1.33%
23-Jul-21,"2,123.61","2,024.51","2,129.66","2,000.27",961.67K,4.89%
22-Jul-21,"2,024.58","1,994.61","2,043.26","1,952.31",1.02M,1.51%
21-Jul-21,"1,994.49","1,786.18","2,029.51","1,758.64",1.51M,11.67%
20-Jul-21,"1,786.07","1,818.07","1,840.36","1,720.70",1.20M,-1.76%
19-Jul-21,"1,818.07","1,891.43","1,915.15","1,807.19",802.78K,-3.93%
18-Jul-21,"1,892.42","1,898.01","1,988.24","1,881.60",829.77K,
17-Jul-21,"1,897.98",,"1,917.80","1,851.97",623.52K,1.05%
16-Jul-21,"1,878.20","1,917.21","1,960.21","1,852.42",619.62K,-2.03%
15-Jul-21,"1,917.21","1,994.73","2,038.91","1,884.81",645.06K,-3.88%
14-Jul-21,"1,994.64","1,940.48","2,017.99","1,868.45",1.05M,2.78%
13-Jul-21,"1,940.72","2,035.09","2,042.61","1,920.62",717.85K,-4.64%
12-Jul-21,"2,035.09","2,139.44","2,167.60","2,008.66",540.10K,-4.87%
11-Jul-21,"2,139.35","2,110.90","2,173.34","2,081.62",724.84K,1.34%
10-Jul-21,"2,111.12","2,146.15","2,191.30","2,078.43",929.32K,-1.62%
09-Jul-21,"2,145.89","2,120.05","2,185.62","2,066.09",1.42M,1.21%
08-Jul-21,"2,120.22","2,316.21","2,322.47","2,095.92",1.82M,-8.48%
07-Jul-21,"2,316.57","2,322.74","2,402.68","2,296.43",1.32M,-0.26%
06-Jul-21,"2,322.72","2,196.25","2,347.47","2,194.20",1.78M,5.76%
05-Jul-21,"2,196.16","2,322.60","2,322.60","2,163.09",822.95K,-5.47%
04-Jul-21,"2,323.22","2,224.70","2,386.20","2,222.95",1.39M,4.43%
03-Jul-21,"2,224.70","2,154.53","2,236.97","2,115.80",1.28M,3.25%
02-Jul-21,"2,154.78","2,108.58","2,158.70","2,019.75",1.39M,2.17%
01-Jul-21,"2,109.11","2,274.50","2,274.63","2,077.56",1.71M,-7.24%
30-Jun-21,"2,273.84","2,158.32","2,281.55","2,090.61",1.90M,5.33%
29-Jun-21,"2,158.71","2,083.48","2,241.86","2,076.17",898.06K,3.63%
28-Jun-21,"2,083.09","1,981.24","2,142.84","1,962.89",2.19M,5.21%
27-Jun-21,"1,979.88","1,830.42","1,980.70","1,808.59",1.87M,8.15%
26-Jun-21,"1,830.62","1,810.53","1,850.40","1,719.32",1.99M,1.11%
25-Jun-21,"1,810.57","1,989.77","2,017.47","1,793.47",1.65M,-8.98%
24-Jun-21,"1,989.14","1,968.76","2,033.96","1,886.74",1.64M,1.05%
23-Jun-21,"1,968.39","1,877.28","2,043.10","1,823.57",1.77M,4.89%
22-Jun-21,"1,876.66","1,890.95","1,994.32","1,707.24",2.84M,-0.77%
21-Jun-21,"1,891.18","2,244.25","2,257.86","1,868.32",2.69M,-15.72%
20-Jun-21,"2,243.86","2,166.30","2,276.83","2,045.03",1.42M,3.55%
19-Jun-21,"2,166.91","2,229.53","2,276.70","2,164.14",1.08M,-2.81%
18-Jun-21,"2,229.53","2,372.10","2,376.62","2,142.74",778.79K,-5.99%
17-Jun-21,"2,371.62","2,367.78","2,459.11","2,309.08",1.06M,0.18%
16-Jun-21,"2,367.28","2,544.35","2,552.12","2,353.24",1.37M,-6.94%
15-Jun-21,"2,543.83","2,581.42","2,637.90","2,512.39",1.95M,-1.46%
14-Jun-21,"2,581.48","2,508.49","2,606.91","2,467.61",1.79M,2.92%
13-Jun-21,"2,508.27","2,368.68","2,547.90","2,311.96",1.62M,5.90%
12-Jun-21,"2,368.47","2,351.45","2,448.04","2,260.80",1.80M,0.72%
11-Jun-21,"2,351.45","2,470.04","2,493.48","2,324.21",587.18K,-4.80%
10-Jun-21,"2,469.97","2,607.45","2,615.46","2,432.41",1.29M,-5.23%
09-Jun-21,"2,606.23","2,507.86","2,620.74","2,408.37",2.32M,3.81%
08-Jun-21,"2,510.65","2,592.12","2,618.70","2,320.64",75.18K,-3.16%
07-Jun-21,"2,592.63","2,713.52","2,842.88","2,581.24",3.01M,-4.46%
06-Jun-21,"2,713.66","2,628.43","2,743.53","2,614.48",756.36K,3.22%
05-Jun-21,"2,628.98","2,688.75","2,814.02","2,555.98",2.55M,-2.14%
04-Jun-21,"2,686.50","2,856.63","2,856.63","2,557.71",2.47M,-5.85%
03-Jun-21,"2,853.35","2,705.05","2,889.19","2,666.39",1.09M,5.44%
02-Jun-21,"2,706.10","2,633.74","2,801.00","2,554.88",2.60M,2.75%
01-Jun-21,"2,633.67","2,707.94",,"2,529.73",2.45M,-2.76%
31-May-21,"2,708.47","2,386.93","2,713.98","2,279.42",2.83M,
30-May-21,"2,386.10","2,276.97","2,465.84","2,181.93",2.80M,4.83%
29-May-21,"2,276.07","2,411.68","2,567.42","2,207.21",2.94M,-5.73%
28-May-21,"2,414.29","2,742.39","2,760.17","2,332.43",3.26M,-11.75%
27-May-21,"2,735.88","2,885.02","2,885.87","2,638.62",2.39M,-5.16%
26-May-21,"2,884.66","2,705.69","2,908.37","2,648.10",2.66M,6.64%
25-May-21,"2,705.09","2,647.27","2,747.49","2,388.81",3.28M,2.20%
24-May-21,"2,646.79","2,101.30","2,667.20","2,080.87",3.24M,25.96%
23-May-21,"2,101.34","2,292.68","2,379.89","1,739.91",3.52M,-8.30%
22-May-21,"2,291.60","2,433.09","2,481.06","2,162.84",2.82M,-5.82%
21-May-21,,"2,766.88","2,931.66",,4.23M,-12.40%
20-May-21,"2,777.55","2,436.59","2,988.52","2,163.40",4.33M,14.04%
19-May-21,"2,435.69","3,376.22","3,434.01","1,922.25",6.42M,-27.89%
18-May-21,"3,377.55","3,280.50","3,558.57","3,244.93",2.30M,2.98%
17-May-21,"3,279.68","3,582.19","3,582.27","3,130.12",2.85M,-8.44%
16-May-21,"3,582.12","3,643.67","3,877.20","3,351.92",2.28M,-1.63%
15-May-21,"3,641.65","4,074.57","4,129.99","3,639.12",1.94M,-10.64%
14-May-21,"4,075.38","3,719.46","4,171.76","3,694.54",2.06M,9.56%
13-May-21,"3,719.62","3,807.50","4,031.99","3,539.96",3.21M,-2.42%
,"3,811.77","4,173.61","4,366.10","3,794.15",2.78M,-8.54%
11-May-21,"4,167.78","3,948.66","4,177.53","3,781.86",1.27M,5.57%
10-May-21,"3,947.90","3,923.48","4,203.98","3,669.84",2.70M,0.65%
09-May-21,"3,922.23","3,905.69","3,979.77","3,734.44",1.94M,0.43%
08-May-21,"3,905.55","3,479.81","3,952.88","3,453.37",1.34M,12.19%
07-May-21,"3,481.22","3,490.83","3,583.34","3,363.56",1.35M,-0.24%
06-May-21,"3,489.52","3,522.74","3,601.59","3,380.60",1.51M,-0.94%
05-May-21,"3,522.76","3,284.31","3,540.78","3,228.86",1.87M,7.18%
04-May-21,"3,286.71","3,429.48","3,516.34","3,188.90",2.74M,-4.16%
03-May-21,"3,429.37","2,950.07","3,451.44","2,950.07",2.32M,16.24%
02-May-21,"2,950.33","2,945.04","2,984.52","2,854.12",1.30M,0.19%
01-May-21,"2,944.66","2,772.27","2,951.74","2,753.60",1.51M,6.20%
30-Apr-21,"2,772.78","2,757.02","2,797.61","2,726.03",1.52M,0.56%
29-Apr-21,"2,757.36","2,746.51","2,797.52","2,670.35",1.65M,0.39%
28-Apr-21,"2,746.54","2,665.83","2,759.03","2,562.74",1.74M,3.05%
27-Apr-21,"2,665.24","2,531.07","2,677.95","2,484.44",1.45M,5.22%
26-Apr-21,"2,533.12","2,320.63","2,539.80","2,305.97",1.79M,9.35%
25-Apr-21,"2,316.48","2,217.23","2,355.20","2,169.91",1.02M,4.54%
24-Apr-21,"2,215.93","2,367.35","2,367.46","2,159.60",1.61M,-6.39%
23-Apr-21,"2,367.31","2,398.95","2,440.21","2,119.26",3.46M,-1.41%
22-Apr-21,"2,401.10","2,360.32","2,642.99","2,313.46",3.17M,1.71%
21-Apr-21,"2,360.81","2,331.84","2,467.51","2,238.15",2.10M,1.23%
20-Apr-21,"2,332.14","2,161.06","2,345.18","2,058.00",1.86M,7.94%
19-Apr-21,"2,160.63","2,236.10","2,275.87","2,081.30",1.90M,-3.42%
18-Apr-21,"2,237.17","2,317.88","2,338.53","1,948.93",2.76M,-3.50%
17-Apr-21,"2,318.33","2,424.12","2,493.93","2,314.12",1.73M,-4.33%
16-Apr-21,"2,423.18","2,514.55","2,544.54","2,302.30",2.08M,-3.62%
15-Apr-21,"2,514.22","2,432.90","2,541.90","2,402.75",1.91M,3.40%
14-Apr-21,"2,431.56","2,299.25","2,445.40","2,281.49",2.11M,5.72%
13-Apr-21,"2,299.93","2,137.55","2,315.47","2,136.49",,7.58%
12-Apr-21,"2,137.81","2,150.79","2,199.52","2,103.73",2.16M,-0.63%
11-Apr-21,"2,151.42","2,133.89","2,164.76","2,114.55",1.97M,0.83%
10-Apr-21,"2,133.79","2,067.26","2,197.73","2,058.23",2.09M,3.23%
09-Apr-21,"2,066.93","2,080.20","2,101.07","2,050.39",2.47M,-0.62%
08-Apr-21,"2,079.92","1,962.44","2,084.08","1,951.83",1.73M,6.04%
07-Apr-21,"1,961.46","2,112.41","2,128.25","1,939.64",2.30M,-7.11%
06-Apr-21,"2,111.53","2,108.81","2,150.78","2,047.48",1.93M,0.24%
05-Apr-21,"2,106.41","2,076.14","2,127.89","2,004.05",2.31M,1.47%
04-Apr-21,"2,075.94","2,007.82","2,091.31","1,982.00",1.59M,3.35%
03-Apr-21,"2,008.59","2,134.66","2,137.68","2,004.40",2.01M,-5.90%
02-Apr-21,"2,134.55","1,968.12","2,144.11","1,949.99",2.47M,8.47%
01-Apr-21,"1,967.96","1,918.82","1,983.84","1,897.38",2.08M,2.61%
31-Mar-21,"1,917.99","1,841.01","1,945.40","1,774.66",2.59M,4.18%
30-Mar-21,"1,841.01","1,816.92","1,857.65","1,788.60",3.03M,1.34%
29-Mar-21,"1,816.69","1,686.88","1,839.41","1,678.38",1.94M,7.70%
28-Mar-21,"1,686.80","1,712.89","1,724.74","1,661.92",1.31M,-1.53%
27-Mar-21,"1,713.01","1,698.68","1,731.73","1,667.12",1.40M,0.85%
26-Mar-21,"1,698.60","1,586.36","1,699.27","1,586.28",1.64M,7.06%
25-Mar-21,"1,586.54","1,582.23","1,621.32","1,550.11",1.54M,0.26%
24-Mar-21,"1,582.38","1,668.42","1,739.82","1,546.48",1.88M,-5.13%
23-Mar-21,"1,667.90","1,681.50","1,720.01","1,654.14",1.46M,-0.86%
22-Mar-21,"1,682.37",,"1,806.62","1,659.28",1.58M,-5.68%
21-Mar-21,"1,783.72","1,804.60","1,815.85","1,748.47",1.43M,-1.16%
20-Mar-21,"1,804.60","1,809.09","1,868.09","1,801.60",27.03K,-0.28%
19-Mar-21,"1,809.64","1,775.87","1,848.88","1,735.42",1.20M,1.89%
18-Mar-21,"1,776.08","1,823.72","1,849.23","1,760.83",1.53M,-2.59%
17-Mar-21,"1,823.35","1,804.56","1,837.88","1,743.62",1.50M,1.03%
16-Mar-21,"1,804.85","1,792.08","1,817.35","1,715.97",1.81M,0.70%
15-Mar-21,"1,792.38","1,848.18","1,890.59","1,745.04",1.70M,-3.07%
14-Mar-21,"1,849.06","1,921.29","1,932.36","1,836.78",671.56K,-3.75%
13-Mar-21,"1,921.13","1,767.05","1,943.36","1,730.46",1.79M,8.73%
12-Mar-21,"1,766.90","1,827.44","1,841.19","1,723.18",1.52M,-3.23%
11-Mar-21,"1,825.79","1,794.28","1,845.32","1,729.05",1.58M,1.76%
10-Mar-21,"1,794.14","1,869.32","1,875.98","1,759.50",1.66M,-4.01%
09-Mar-21,"1,869.10","1,831.57","1,869.10","1,801.29",1.58M,2.05%
08-Mar-21,"1,831.49","1,727.17","1,841.05","1,665.54",1.97M,5.98%
07-Mar-21,"1,728.10","1,650.94","1,732.84","1,634.73",1.69M,4.78%
06-Mar-21,"1,649.19","1,530.24","1,670.01","1,514.62",2.07M,7.77%
05-Mar-21,"1,530.29","1,539.73","1,548.71","1,443.32",1.67M,-0.54%
04-Mar-21,"1,538.61","1,567.84","1,623.73","1,506.86",1.70M,-2.06%
03-Mar-21,,"1,488.80","1,653.04","1,477.72",1.17M,5.54%
02-Mar-21,"1,488.62","1,570.00","1,602.13","1,457.22",1.74M,-5.18%
01-Mar-21,"1,570.03","1,418.91","1,571.15","1,411.55",1.92M,10.66%
28-Feb-21,"1,418.76","1,458.84","1,467.76","1,294.79",2.07M,-2.75%
27-Feb-21,"1,458.93","1,445.69","1,527.69","1,427.15",1.56M,0.93%
26-Feb-21,"1,445.44","1,476.77","1,561.66","1,403.30",2.13M,-2.08%
25-Feb-21,"1,476.15","1,623.76","1,669.24","1,460.92",1.75M,-9.09%
24-Feb-21,"1,623.71","1,578.27","1,711.16","1,505.79",2.19M,2.89%
23-Feb-21,"1,578.11","1,777.25","1,781.44","1,370.45",3.60M,-11.21%
22-Feb-21,"1,777.28","1,933.52","1,935.04","1,561.68",2.68M,-8.08%
21-Feb-21,"1,933.45","1,912.97","1,974.99","1,885.70",1.47M,1.02%
20-Feb-21,"1,913.88","1,955.54","2,040.79","1,800.00",2.29M,-2.13%
19-Feb-21,"1,955.59","1,934.17","1,968.93","1,892.70",1.78M,1.11%
18-Feb-21,"1,934.16","1,849.95","1,950.04","1,849.05",881.87K,4.66%
17-Feb-21,"1,847.95","1,781.44","1,854.03","1,734.15",1.69M,3.72%
16-Feb-21,"1,781.69","1,778.63","1,827.07","1,726.78",1.48M,0.16%
15-Feb-21,"1,778.82","1,800.60","1,835.51","1,661.09",1.94M,-1.27%
14-Feb-21,"1,801.78","1,815.44","1,850.00","1,787.11",1.43M,-0.76%
13-Feb-21,"1,815.49","1,840.90","1,871.36","1,766.05",1.44M,-1.39%
12-Feb-21,"1,841.02","1,786.74","1,862.17","1,741.04",1.75M,3.06%
11-Feb-21,"1,786.35","1,742.11","1,817.68","1,704.97",1.56M,2.54%
10-Feb-21,"1,742.09","1,770.81","1,835.40","1,683.52",2.01M,-1.61%
09-Feb-21,"1,770.63","1,750.19","1,818.94","1,711.40",1.94M,1.17%
08-Feb-21,"1,750.18","1,612.98","1,775.12","1,566.43",2.17M,8.50%
07-Feb-21,"1,612.99","1,676.62","1,692.29","1,491.68",1.94M,-3.80%
06-Feb-21,"1,676.63","1,719.11","1,742.90","1,648.03",1.78M,-2.48%
05-Feb-21,"1,719.20","1,593.91","1,760.09","1,589.28",1.80M,7.85%
04-Feb-21,"1,594.00","1,664.19","1,693.64","1,570.45",2.34M,-4.23%
03-Feb-21,"1,664.34","1,511.96","1,667.93","1,510.27",2.27M,10.12%
02-Feb-21,"1,511.36","1,373.31","1,546.88","1,361.63",2.73M,10.04%
01-Feb-21,"1,373.40",,"1,376.44","1,272.09",1.65M,4.62%
31-Jan-21,"1,312.73","1,377.05","1,380.04","1,282.41",1.54M,-4.67%
30-Jan-21,"1,376.96","1,379.78","1,405.78","1,327.66",1.59M,-0.17%
29-Jan-21,"1,379.30","1,329.16","1,436.27","1,288.26",3.33M,3.83%
28-Jan-21,"1,328.47","1,247.67","1,359.51","1,221.15",814.31K,6.48%
27-Jan-21,"1,247.62","1,366.14","1,372.31","1,210.40",2.90M,-8.68%
26-Jan-21,"1,366.27","1,317.67","1,377.94","1,246.45",2.56M,3.67%
25-Jan-21,"1,317.90","1,390.69","1,474.68","1,298.13",2.77M,-5.21%
24-Jan-21,"1,390.28","1,233.41","1,398.00","1,222.14",2.30M,12.72%
23-Jan-21,"1,233.40","1,234.34","1,271.65","1,196.94",1.46M,-0.10%
22-Jan-21,"1,234.58","1,118.01","1,272.85","1,045.02",2.94M,10.49%
,"1,117.33","1,377.63","1,387.39","1,095.26",,-18.89%
20-Jan-21,"1,377.53","1,372.00","1,406.56","1,237.27",3.05M,0.40%
19-Jan-21,"1,372.00","1,258.10","1,437.42","1,252.36",2.27M,9.06%
18-Jan-21,"1,258.06","1,233.93","1,260.30","1,184.15",1.73M,2.06%
17-Jan-21,"1,232.64","1,228.33","1,269.01","1,168.39",2.15M,0.36%
16-Jan-21,"1,228.27","1,172.12","1,290.92","1,154.04",2.29M,4.83%
15-Jan-21,"1,171.68","1,233.34","1,256.13","1,079.19",2.85M,-4.44%
14-Jan-21,"1,226.17","1,128.80","1,246.52","1,088.52",1.55M,8.66%
13-Jan-21,"1,128.46","1,050.20","1,134.66",990.96,2.25M,7.45%
12-Jan-21,"1,050.19","1,086.96","1,149.19","1,008.28",3.09M,-3.78%
11-Jan-21,"1,091.47","1,255.84","1,257.30",917.96,4.19M,-13.10%
10-Jan-21,,"1,275.87","1,347.98","1,180.45",2.65M,-1.53%
09-Jan-21,"1,275.58","1,215.92","1,301.75","1,172.39",1.99M,4.92%
08-Jan-21,"1,215.73","1,224.33","1,271.08","1,069.25",2.71M,-0.70%
07-Jan-21,"1,224.35","1,208.71","1,286.81","1,153.09",2.71M,
06-Jan-21,"1,207.77","1,099.77","1,210.78","1,060.67",3.75M,9.85%
05-Jan-21,"1,099.52","1,042.48","1,131.56",976.91,3.25M,5.48%
04-Jan-21,"1,042.40",977.76,"1,158.27",894.24,5.19M,6.92%
03-Jan-21,974.97,774.54,"1,008.49",769.57,4.02M,25.88%
02-Jan-21,774.5,729,787.26,715.15,2.25M,6.22%
01-Jan-21,729.12,735.87,748.96,715.74,1.64M,-0.93%
31-Dec-20,735.94,751.92,755.13,724.67,1.04M,-2.11%
30-Dec-20,751.8,732.04,757.11,720.21,1.86M,2.74%
29-Dec-20,731.76,730.26,739.77,690.24,1.82M,0.23%
28-Dec-20,730.05,683.76,747.86,682.47,2.75M,6.78%
27-Dec-20,683.71,636.35,715.46,627.12,2.31M,7.40%
26-Dec-20,636.58,626.99,652.36,616.04,1.94M,1.54%
25-Dec-20,626.93,612.38,633.9,605.01,1.70M,2.38%
24-Dec-20,612.34,585.47,614.92,566.15,1.72M,4.55%
23-Dec-20,585.69,637.04,638.11,554.09,2.20M,-8.12%
22-Dec-20,637.47,607.86,637.47,588.24,2.12M,4.87%
21-Dec-20,607.85,638.28,647.87,599.97,1.88M,-4.77%
20-Dec-20,638.26,657.79,661.04,622.39,2.11M,-3.02%
19-Dec-20,658.17,654.08,669.54,645.91,2.17M,0.66%
18-Dec-20,653.85,643.28,664.26,630.44,2.63M,1.66%
17-Dec-20,643.17,637.29,675.68,627.36,3.67M,0.91%
16-Dec-20,637.38,588.81,638.18,580.9,3.11M,8.23%
15-Dec-20,588.91,586.22,596.97,579.95,1.74M,0.46%
14-Dec-20,586.19,590.66,591.41,576.01,1.78M,-0.83%
13-Dec-20,591.09,568.07,594.83,563.37,2.03M,4.10%
12-Dec-20,567.78,544.16,573.59,543.9,1.62M,4.34%
11-Dec-20,544.17,558.15,560.28,536.43,30.17M,-2.50%
10-Dec-20,558.13,573.28,575.56,548.99,19.60M,-2.63%
09-Dec-20,573.21,554.95,577.94,530.88,9.10M,3.27%
08-Dec-20,555.05,591.03,594.78,551.08,8.11M,-6.10%
07-Dec-20,591.09,601.54,603.06,584.53,7.72M,-1.76%
06-Dec-20,601.68,596.61,606.9,583.67,13.14M,0.84%
05-Dec-20,596.68,567.84,596.73,561.24,30.83M,5.07%
04-Dec-20,567.91,616.33,619.61,566.34,48.95M,-7.85%
03-Dec-20,616.32,597.94,622.1,587.15,24.00M,3.06%
02-Dec-20,598.05,585.69,604.34,575.24,16.21M,2.12%
01-Dec-20,585.66,616.78,635.66,567.79,49.42M,-4.91%
30-Nov-20,615.92,575.35,615.97,571.04,51.72M,7.03%
29-Nov-20,575.45,537.89,576.52,530.71,5.79M,7.01%
28-Nov-20,537.74,518.7,547.94,506.97,5.34M,3.79%
27-Nov-20,518.11,519.69,530.41,494.65,6.42M,-0.23%
26-Nov-20,519.32,569.69,577.08,484.03,13.11M,-8.84%
25-Nov-20,569.67,605.01,605.63,555.32,14.50M,-5.84%
24-Nov-20,605.03,609.2,621.7,589.56,41.11M,-0.69%
23-Nov-20,609.22,559.37,610.33,551.8,49.68M,8.91%
22-Nov-20,559.4,551.9,580,514.44,36.76M,1.36%
21-Nov-20,551.91,509.94,552.13,505.14,26.86M,8.22%
20-Nov-20,509.98,471.27,513.06,471.06,30.85M,8.23%
19-Nov-20,471.21,478.55,480.55,465.41,12.53M,-1.53%
18-Nov-20,478.52,482.05,495.04,459.92,18.19M,-0.71%
17-Nov-20,481.95,460.37,484.59,459.74,7.93M,4.67%
16-Nov-20,460.43,448.18,465.97,445.82,5.62M,2.72%
15-Nov-20,448.23,460.75,462.93,440.44,9.34M,-2.71%
14-Nov-20,460.7,476.38,477.34,452.6,9.17M,-3.27%
13-Nov-20,476.29,,477.78,457.65,9.85M,2.97%
12-Nov-20,462.56,463.33,469.57,452.44,9.33M,-0.17%
11-Nov-20,463.33,450.26,476.08,449.51,15.13M,2.91%
10-Nov-20,450.22,444.38,454.43,439.5,20.76M,1.33%
09-Nov-20,444.33,454.55,458.51,434.95,28.85M,-2.28%
08-Nov-20,454.68,435.39,460.09,432.44,4.82M,4.43%
07-Nov-20,435.4,455.78,467.88,425.57,7.78M,-4.46%
06-Nov-20,455.72,416.59,457.79,415.08,6.53M,9.38%
05-Nov-20,416.63,402.5,419.94,396.46,7.04M,3.59%
04-Nov-20,402.19,388.23,407.9,377.22,6.17M,3.68%
03-Nov-20,387.92,383.64,389.98,370.96,6.73M,1.14%
02-Nov-20,383.53,396.45,404.04,379.13,9.43M,-3.22%
01-Nov-20,396.29,386.36,397.32,384.94,5.52M,2.55%
31-Oct-20,386.42,382.81,394.01,380.53,6.42M,1.05%
30-Oct-20,382.41,387.16,391.98,374.36,2.81M,-1.13%
29-Oct-20,386.76,388.25,393.33,381.53,3.04M,-0.35%
28-Oct-20,388.14,403.11,408.1,381.51,9.96M,-3.72%
27-Oct-20,403.15,393.93,409.85,390.92,6.29M,2.29%
26-Oct-20,394.11,406.45,410.41,383.21,9.06M,-2.95%
25-Oct-20,406.09,412.44,417.07,403.95,3.05M,-1.42%
24-Oct-20,411.92,408.59,416.28,407.74,2.68M,0.83%
23-Oct-20,408.52,414.12,419.11,402.91,8.18M,-1.33%
22-Oct-20,414.05,391.39,420.12,391.21,12.65M,5.84%
21-Oct-20,391.2,368.53,400.36,368.06,13.61M,6.20%
20-Oct-20,368.35,379.03,380.14,367.16,7.46M,-2.86%
19-Oct-20,379.19,377.85,383.97,372.72,6.85M,0.37%
18-Oct-20,377.81,368.61,378.49,367.54,4.68M,2.49%
17-Oct-20,368.63,365.08,369.94,363.18,4.98M,0.95%
16-Oct-20,365.17,377.6,379.6,362.65,7.59M,-3.25%
15-Oct-20,377.45,378.96,380.77,370.39,7.93M,-0.45%
14-Oct-20,379.15,381.13,387.11,373.62,8.08M,-0.55%
13-Oct-20,381.23,386.64,387.06,374.57,7.92M,-1.41%
12-Oct-20,386.68,374.39,394.58,366.05,10.39M,3.34%
11-Oct-20,374.19,370.28,377.27,369.23,5.22M,1.09%
,370.16,365.25,377.97,364.57,7.17M,1.34%
09-Oct-20,365.28,350.71,368.19,347.82,7.85M,4.12%
08-Oct-20,350.83,341.66,352.95,334.79,6.85M,2.74%
07-Oct-20,341.48,340.59,342.68,334.11,5.77M,0.26%
06-Oct-20,340.61,353.53,354.9,337.21,7.32M,-3.59%
05-Oct-20,353.28,352.69,354.86,,4.96M,
04-Oct-20,352.73,345.6,353.97,344.03,4.77M,2.06%
03-Oct-20,345.6,345.78,351.04,343.74,4.48M,-0.02%
02-Oct-20,345.68,353.06,353.61,335.91,7.27M,-2.09%
01-Oct-20,353.07,359.5,369.1,345.66,7.93M,-1.76%
30-Sep-20,359.39,359.77,360.94,352.81,5.43M,-0.13%
29-Sep-20,359.86,353.97,360.66,351.48,6.26M,1.63%
28-Sep-20,354.08,357.42,367.63,352.57,7.77M,-0.88%
27-Sep-20,357.23,354.26,362,347.51,6.35M,0.84%
26-Sep-20,354.25,351.62,355.87,346.95,6.48M,0.75%
25-Sep-20,351.63,349.13,357.8,338.01,8.47M,0.70%
24-Sep-20,349.17,319.97,352.6,317.27,9.40M,9.13%
23-Sep-20,319.95,343.96,344.12,315.54,13.88M,-7.00%
22-Sep-20,344.03,341.32,346.19,336.15,,0.80%
21-Sep-20,341.3,371.09,375.34,331.41,11.41M,-8.03%
20-Sep-20,371.12,385.33,385.39,365.48,7.30M,-3.67%
19-Sep-20,385.25,384.25,386.99,377.63,6.74M,0.27%
18-Sep-20,384.2,389.37,392.21,375.81,8.95M,-1.23%
17-Sep-20,388.97,364.75,393.96,363.54,12.85M,6.60%
16-Sep-20,364.88,363.91,372.88,355.18,9.06M,0.24%
15-Sep-20,364.01,376.7,381.67,362.4,9.06M,-3.37%
14-Sep-20,376.7,365.89,383.99,357.54,10.34M,3.01%
13-Sep-20,365.71,388.06,389.51,353.85,10.38M,-5.74%
12-Sep-20,387.98,373.74,388.12,366.05,11.49M,3.82%
11-Sep-20,373.72,367.89,374.41,356.38,12.53M,1.58%
10-Sep-20,367.92,351.1,376.92,350.86,16.50M,4.79%
09-Sep-20,351.1,337.46,358.33,331.12,14.07M,4.04%
08-Sep-20,337.46,352.06,355.69,326.66,18.98M,-4.15%
07-Sep-20,352.06,353.49,357.33,325.47,21.69M,-0.40%
06-Sep-20,353.49,334.91,358.09,316.69,20.13M,5.55%
05-Sep-20,334.91,385.94,394.12,314.13,35.32M,-13.22%
04-Sep-20,385.94,381.97,399.58,368.22,25.20M,1.04%
03-Sep-20,381.97,439.14,466.4,376.99,33.59M,-13.01%
02-Sep-20,439.08,475.72,480.96,423.26,30.14M,-7.72%
01-Sep-20,475.8,433.89,488.24,429.65,10.42M,9.65%
31-Aug-20,433.9,428.81,438.71,418.35,7.89M,1.18%
30-Aug-20,428.86,398.8,429.59,398.47,6.67M,7.54%
29-Aug-20,,395.32,405.53,391.97,5.23M,0.93%
28-Aug-20,395.11,383.16,397.64,379.8,6.16M,3.13%
27-Aug-20,383.11,385.96,396.48,372.53,7.03M,-0.74%
26-Aug-20,385.96,383.16,392.61,377.63,6.69M,0.72%
25-Aug-20,383.2,,409.02,370.4,8.28M,-6.01%
24-Aug-20,407.7,390.81,410.17,387.62,6.69M,4.40%
23-Aug-20,390.5,395.56,396.96,383.42,5.36M,-1.28%
22-Aug-20,395.56,388.06,396.87,379.96,6.73M,1.95%
21-Aug-20,387.99,416.05,418.72,385.21,7.62M,-6.75%
20-Aug-20,416.05,407.39,418.92,402.8,6.23M,2.11%
19-Aug-20,407.44,422.1,426.65,394.51,8.44M,-3.49%
18-Aug-20,422.16,430.63,433.65,415.45,8.18M,-1.95%
17-Aug-20,430.56,433.62,444.86,420.71,7.83M,-0.71%
16-Aug-20,433.63,432.22,436.58,413.22,7.02M,0.34%
15-Aug-20,432.18,438.04,442.7,428.75,7.27M,-1.34%
14-Aug-20,438.03,424.28,443.74,418.37,8.67M,3.23%
13-Aug-20,424.31,387.15,430.33,377.57,12.04M,9.61%
12-Aug-20,387.12,379.03,389.21,367.05,8.59M,2.14%
11-Aug-20,379.01,395.52,398.13,367.38,9.44M,-4.18%
10-Aug-20,395.53,390.22,399.05,386.45,8.01M,1.36%
09-Aug-20,390.23,396.78,399.93,384.31,4.97M,-1.65%
08-Aug-20,396.76,379.57,396.77,376.38,4.94M,4.53%
07-Aug-20,379.57,394.8,398.14,366.44,8.34M,-3.86%
06-Aug-20,394.83,400.8,403.18,391.67,7.92M,-1.49%
05-Aug-20,400.79,389.62,406.92,384.84,8.74M,2.87%
04-Aug-20,389.62,385.86,402.01,381.3,9.84M,0.99%
03-Aug-20,385.8,372.26,397.73,368.46,9.92M,3.69%
02-Aug-20,372.08,387.15,415.08,335.76,16.38M,-3.89%
01-Aug-20,387.14,346.48,392.37,343.33,11.03M,11.73%
31-Jul-20,346.51,334.84,349.34,329.02,8.69M,3.48%
30-Jul-20,334.87,317.79,341.11,314.83,9.07M,5.36%
29-Jul-20,317.82,316.95,324.93,312.64,8.72M,0.27%
28-Jul-20,316.96,321.82,326.53,306.4,9.91M,-1.50%
27-Jul-20,321.8,311.12,332.57,311.04,13.73M,3.43%
26-Jul-20,311.13,305.32,318.54,300.33,9.19M,1.90%
25-Jul-20,305.32,279.33,308.57,279.33,8.59M,9.30%
24-Jul-20,279.33,275.33,287.01,268.54,7.17M,1.45%
23-Jul-20,275.34,263.29,279.53,260.7,8.79M,4.58%
22-Jul-20,263.28,245.54,266.42,241.89,6.68M,7.23%
21-Jul-20,245.53,236.1,246.49,235.67,6.29M,3.99%
20-Jul-20,236.1,239.03,239.71,234.51,5.36M,-1.22%
19-Jul-20,239.01,235.72,239.7,233.35,6.61M,1.38%
18-Jul-20,235.75,232.77,236.83,232.4,5.79M,1.29%
17-Jul-20,232.75,233.65,234.53,231.84,5.88M,-0.39%
16-Jul-20,233.65,238.62,239.47,230.44,6.63M,-2.08%
15-Jul-20,238.62,240.49,241.36,237.04,7.35M,-0.78%
14-Jul-20,240.5,239.75,242.08,237.21,7.07M,0.32%
13-Jul-20,239.73,242.84,245.04,237.71,8.32M,-1.24%
12-Jul-20,242.75,239.2,243.79,236.91,6.81M,1.48%
11-Jul-20,239.2,241.21,241.64,237.76,6.42M,-0.85%
10-Jul-20,241.26,242.01,242.17,236.19,6.84M,-0.32%
09-Jul-20,242.02,246.93,247.63,238.28,9.02M,-2.01%
08-Jul-20,246.99,239.26,248.76,238,12.98M,3.24%
07-Jul-20,239.25,241.56,243.43,234.92,6.26M,-0.95%
06-Jul-20,241.56,227.95,241.64,227.1,9.45M,5.96%
05-Jul-20,227.98,229.09,229.8,223.79,5.41M,-0.51%
04-Jul-20,229.15,225.09,230.4,224.8,5.45M,1.79%
03-Jul-20,225.12,226.42,228.14,224.77,5.20M,-0.57%
02-Jul-20,226.42,230.96,232.04,223.53,7.28M,-1.96%
01-Jul-20,230.95,225.61,232.47,224.33,6.31M,2.36%
30-Jun-20,225.63,227.88,228.57,223.23,5.60M,-0.99%
29-Jun-20,227.87,225.09,229.83,221.6,6.80M,1.24%
28-Jun-20,225.09,221.07,227.74,218.46,5.91M,1.82%
27-Jun-20,221.06,229.72,231.3,217.11,7.21M,-3.75%
26-Jun-20,229.67,232.57,233.5,228.16,6.96M,-1.24%
25-Jun-20,232.56,234.75,235.29,227.99,6.48M,-0.93%
24-Jun-20,234.75,243.2,249.23,231.56,9.13M,-3.47%
23-Jun-20,243.2,243.24,244.77,240.94,5.16M,-0.02%
22-Jun-20,243.25,228.11,246.39,227.69,7.93M,6.63%
21-Jun-20,228.13,228.87,231.18,227.38,4.10M,-0.32%
20-Jun-20,228.86,229.11,230.96,226.28,4.54M,-0.11%
19-Jun-20,,231.34,231.94,226.97,5.56M,-0.97%
18-Jun-20,231.34,233.85,234.69,228.13,4.96M,-1.09%
17-Jun-20,233.88,235.37,236.55,228.63,5.94M,-0.63%
16-Jun-20,235.36,,235.95,228.99,7.03M,1.92%
15-Jun-20,230.93,231.99,233.34,219.06,10.18M,-0.47%
14-Jun-20,232.02,238.23,238.48,230.52,5.78M,-2.60%
13-Jun-20,238.22,237.55,238.61,234.86,5.27M,0.29%
12-Jun-20,237.54,230.72,239.23,228.62,7.34M,2.96%
11-Jun-20,230.71,247.79,249.77,227.01,12.40M,-6.89%
10-Jun-20,247.78,243.82,249.51,242.54,7.63M,1.62%
09-Jun-20,243.82,246.19,249.45,240.18,6.86M,-0.96%
08-Jun-20,246.18,244.56,247.11,241.3,6.55M,0.66%
,244.56,242,244.94,235.44,8.10M,1.06%
06-Jun-20,242,240.27,244.43,238.38,6.62M,0.73%
05-Jun-20,240.23,243.37,247.5,239.7,7.75M,-1.29%
04-Jun-20,243.37,244.53,246.41,236.68,8.75M,-0.47%
03-Jun-20,244.52,237.9,244.76,233.84,8.15M,2.77%
02-Jun-20,237.94,248.01,253.21,227.95,12.69M,-4.05%
01-Jun-20,247.97,231.8,249.81,230.85,11.97M,6.97%
31-May-20,231.81,243.63,245.33,230.31,12.43M,-4.85%
30-May-20,243.63,220.66,246.55,218.86,14.34M,10.41%
29-May-20,220.66,220.14,224.52,217.84,12.36M,0.21%
28-May-20,220.18,208.2,220.33,204.79,12.51M,5.77%
27-May-20,208.18,200.99,208.18,200.85,10.28M,3.57%
26-May-20,201,204.13,204.9,197.3,10.44M,-1.53%
25-May-20,204.13,199.99,205.52,198.57,10.63M,2.08%
24-May-20,199.97,206.65,210.4,199.97,11.89M,-3.22%
23-May-20,206.62,207.35,211.03,204.97,9.91M,-0.35%
22-May-20,207.35,198.75,209.04,196.68,12.13M,4.33%
21-May-20,198.75,210,211.58,192.11,14.36M,-5.35%
20-May-20,209.99,214.52,215.28,207.03,12.19M,-2.11%
19-May-20,214.51,214.88,215.75,209.79,13.96M,-0.17%
18-May-20,214.87,207,217,207,17.73M,3.80%
17-May-20,207,200.51,209.79,199.77,15.78M,3.23%
16-May-20,200.51,194.85,203.12,193.48,15.52M,2.91%
15-May-20,194.85,203.29,204.02,192.61,16.62M,-4.15%
14-May-20,203.3,199.58,205.82,196.21,20.75M,1.86%
13-May-20,199.58,189.82,200.82,188.59,17.47M,5.13%
12-May-20,189.84,185.82,192.04,185.68,15.58M,2.09%
11-May-20,185.96,187.77,193.26,177.43,26.74M,-0.97%
10-May-20,187.78,210.19,210.19,180.7,35.98M,-10.68%
09-May-20,210.22,211.47,214.5,208.83,20.90M,-0.58%
08-May-20,211.45,212,216.44,207.25,23.08M,-0.26%
07-May-20,212,199.05,214,197.36,26.71M,6.51%
06-May-20,199.04,205.36,210.62,198.79,24.03M,-3.08%
05-May-20,205.36,206.59,211.33,201.75,21.05M,-0.61%
04-May-20,206.61,209.85,210.63,195.25,27.21M,-1.53%
03-May-20,209.83,213.96,218.74,205.5,23.12M,-1.93%
02-May-20,213.96,212,215.15,210.51,18.31M,0.92%
01-May-20,212,206.23,216.99,206.06,23.08M,2.80%
30-Apr-20,206.22,215.42,227.05,202.59,35.46M,-4.26%
29-Apr-20,215.4,196.55,218.32,196.45,32.87M,9.59%
28-Apr-20,196.55,196.13,197.51,192.47,21.81M,0.21%
27-Apr-20,196.14,197.35,198.8,190.87,23.33M,-0.61%
26-Apr-20,197.35,194.01,199.3,192.52,23.13M,1.72%
25-Apr-20,194.01,187.57,197.35,186.03,21.87M,3.43%
24-Apr-20,187.58,185.48,189.33,185.19,19.84M,1.14%
23-Apr-20,185.46,182.72,192.4,178.54,28.73M,1.50%
22-Apr-20,182.72,170.79,183.71,169.93,23.81M,6.99%
21-Apr-20,170.79,170.37,174.48,168.31,23.63M,0.23%
20-Apr-20,170.4,180.12,186.24,167.51,33.68M,-5.40%
19-Apr-20,180.13,187.47,188.23,177.24,23.27M,-3.90%
18-Apr-20,187.45,170.63,189.22,170.61,24.75M,9.85%
17-Apr-20,170.63,172.32,174.52,168.55,20.05M,-0.97%
16-Apr-20,172.31,152.9,174.28,148.91,32.99M,12.69%
15-Apr-20,152.9,158.43,161.06,152.44,20.70M,-3.50%
14-Apr-20,158.45,,161.57,155.52,21.20M,1.33%
13-Apr-20,156.38,158.76,158.85,150.6,25.30M,-1.48%
12-Apr-20,158.73,158.18,164.75,155.17,22.60M,0.35%
11-Apr-20,158.18,157.85,161.37,154.01,19.07M,0.20%
10-Apr-20,157.86,169.67,170.1,152.52,,-6.97%
09-Apr-20,169.68,173.01,173.2,165.91,20.66M,-1.92%
08-Apr-20,173,164.71,174.23,163.73,24.31M,5.03%
07-Apr-20,164.71,171.07,,162.75,35.79M,-3.71%
06-Apr-20,171.06,142.58,171.24,142.55,37.89M,19.97%
05-Apr-20,142.58,144.03,145.26,140.84,18.17M,-0.99%
04-Apr-20,144.01,141.13,145.71,139.36,19.75M,
03-Apr-20,141.14,141.29,146.46,138.01,23.34M,-0.11%
02-Apr-20,141.3,135.65,148.91,135.26,29.42M,4.16%
01-Apr-20,135.66,132.88,136.56,128.93,19.45M,2.10%
31-Mar-20,132.86,132.15,135.14,130.54,17.30M,0.54%
30-Mar-20,132.15,125.24,134.72,125.02,20.71M,5.52%
29-Mar-20,125.24,131.02,131.74,124.84,16.33M,-4.42%
28-Mar-20,131.03,131.74,132.68,,21.03M,-0.54%
27-Mar-20,131.74,138.38,140.99,131.09,18.18M,-4.80%
26-Mar-20,138.38,136.08,139.22,133.69,17.71M,1.70%
25-Mar-20,136.07,138.59,141.88,133.06,24.15M,-1.84%
24-Mar-20,138.62,136,142.9,132.67,27.10M,1.91%
23-Mar-20,136.02,122.46,136.93,120.2,28.62M,11.12%
22-Mar-20,122.41,132.59,136.86,121.37,25.25M,-7.67%
21-Mar-20,132.58,133.32,137.33,126.01,27.00M,-0.56%
20-Mar-20,133.32,135.43,151.85,118.07,38.74M,-1.56%
19-Mar-20,135.43,117.76,141.05,115.59,33.78M,15.00%
18-Mar-20,117.77,115.95,117.91,110.16,25.80M,1.47%
17-Mar-20,116.06,111.06,120.6,109.67,27.09M,4.54%
16-Mar-20,111.02,124.35,124.38,102.44,40.25M,-10.72%
15-Mar-20,124.35,122.67,132.13,120.93,26.24M,1.35%
14-Mar-20,122.69,134.02,134.58,121.27,26.83M,-8.43%
13-Mar-20,133.99,107.87,138.86,88.5,60.70M,24.18%
12-Mar-20,107.9,194.57,195.4,102.83,53.51M,-44.55%
11-Mar-20,194.58,200.61,202.96,182.15,21.26M,-2.98%
10-Mar-20,200.56,202.88,205.62,196.17,21.87M,-1.13%
09-Mar-20,202.85,199.21,208.23,190.73,30.27M,1.85%
08-Mar-20,,237.3,237.3,196.71,24.76M,-16.08%
07-Mar-20,237.32,244.87,251.55,236.87,16.90M,-3.10%
06-Mar-20,244.9,228.46,244.98,227.71,17.74M,7.20%
05-Mar-20,228.45,224.36,233.96,224.34,17.82M,1.81%
04-Mar-20,224.38,223.94,228.66,220.74,14.65M,0.20%
03-Mar-20,223.94,231.9,232.37,220.34,18.48M,-3.42%
02-Mar-20,231.87,217.96,234.24,216.23,18.12M,6.37%
01-Mar-20,217.99,217.51,227.44,213,17.17M,
29-Feb-20,217.52,226.94,232.87,217.43,16.34M,-4.15%
28-Feb-20,226.93,227.6,234.55,214.47,24.11M,-0.26%
27-Feb-20,227.53,224.3,238.07,210.36,28.83M,1.44%
26-Feb-20,224.3,246.97,250.05,216.39,29.55M,-9.18%
,246.96,265.63,266.17,245.75,,-7.04%
24-Feb-20,265.65,274.72,276.81,258.15,19.96M,-3.30%
23-Feb-20,274.72,261.65,275.3,261.24,16.04M,5.00%
22-Feb-20,261.64,265.14,266.71,256.97,13.40M,-1.31%
21-Feb-20,265.11,257.32,267.8,254.15,17.46M,3.00%
20-Feb-20,257.39,259.07,264.22,246.46,22.07M,-0.67%
19-Feb-20,259.12,282.33,285.75,253.88,20.76M,-8.20%
18-Feb-20,282.26,267.71,285.59,259.3,24.15M,5.46%
17-Feb-20,267.63,259.92,268.45,242.11,25.61M,2.94%
16-Feb-20,259.99,264.87,273.81,237.89,24.82M,-1.84%
15-Feb-20,264.87,285.17,287.93,262.45,22.26M,-7.15%
14-Feb-20,285.25,268.71,286.34,260.78,19.99M,6.14%
13-Feb-20,268.75,,277.39,257.09,25.05M,1.19%
12-Feb-20,265.58,236.75,274.89,236.73,23.79M,12.18%
11-Feb-20,236.76,222.94,238.61,218.22,17.39M,6.19%
10-Feb-20,222.95,228.61,229.28,217.02,16.50M,-2.47%
09-Feb-20,228.59,223.23,230.38,223.07,14.28M,2.40%
08-Feb-20,223.23,223.47,227.55,213.75,15.98M,-0.13%
07-Feb-20,223.51,213.15,224.53,213.14,16.73M,4.86%
06-Feb-20,213.16,203.84,216.14,201.29,16.44M,4.58%
05-Feb-20,203.83,188.94,207.51,188.26,14.67M,7.89%
04-Feb-20,188.93,189.8,191.48,188.93,11.56M,-0.45%
03-Feb-20,189.79,188.48,194.92,187.16,11.95M,0.69%
02-Feb-20,188.5,183.58,193.25,179.49,14.54M,2.65%
01-Feb-20,183.64,179.88,184.17,179.36,13.24M,2.08%
31-Jan-20,179.91,184.6,185.67,175.46,11.77M,-2.54%
30-Jan-20,184.59,173.86,186.76,171.2,13.02M,6.17%
29-Jan-20,173.86,175.78,178.41,173.76,11.27M,-1.07%
28-Jan-20,175.74,170.27,176.06,170.27,12.63M,3.21%
27-Jan-20,170.27,167.91,171.97,165.45,12.54M,1.41%
26-Jan-20,167.9,160.4,168,159.55,9.82M,4.65%
25-Jan-20,160.44,162.56,162.72,157.87,9.63M,-1.29%
24-Jan-20,162.55,162.8,164.27,155.65,14.88M,-0.15%
23-Jan-20,162.8,168.15,168.25,159.78,14.86M,-3.17%
22-Jan-20,168.13,169.41,171.27,166.19,11.30M,-0.76%
21-Jan-20,169.41,166.87,169.79,165.53,11.52M,1.52%
20-Jan-20,166.87,166.92,169.24,161.61,11.30M,-0.03%
19-Jan-20,166.92,174.17,177.77,162.04,15.84M,-4.17%
18-Jan-20,174.19,170.18,179.29,165.34,17.42M,2.33%
17-Jan-20,170.22,164.39,173.96,162.33,18.57M,3.57%
16-Jan-20,164.36,166.44,,159.08,16.24M,-1.26%
15-Jan-20,166.45,166.07,166.45,159.74,16.66M,0.23%
14-Jan-20,166.07,143.59,169.73,143.59,22.85M,15.65%
13-Jan-20,143.6,146.5,146.87,142.64,10.26M,-1.95%
12-Jan-20,146.46,142.65,146.46,142,10.01M,2.66%
11-Jan-20,142.67,144.81,147.68,142.23,12.46M,-1.48%
10-Jan-20,144.81,137.93,144.86,135.69,13.37M,4.99%
09-Jan-20,137.92,140.8,141.6,135.85,11.38M,-2.05%
08-Jan-20,140.81,143.01,147.55,137.61,13.71M,-1.56%
07-Jan-20,143.04,144.09,145.13,139.22,13.58M,-0.73%
06-Jan-20,144.08,135.59,144.27,135.17,14.36M,6.26%
05-Jan-20,135.59,134.32,138.33,134.32,12.19M,0.94%
04-Jan-20,134.33,134.3,135.57,132.76,11.16M,0.04%
03-Jan-20,134.27,127.19,134.86,126.05,15.67M,5.56%
02-Jan-20,127.19,130.75,130.77,126.74,11.45M,-2.72%
01-Jan-20,130.75,129.21,132.97,128.81,10.35M,1.19%
31-Dec-19,,131.87,133.53,128.27,12.89M,-1.99%
30-Dec-19,131.83,134.4,136.16,130.91,12.47M,-1.91%
29-Dec-19,134.4,128.35,137.74,127.67,15.69M,4.71%
28-Dec-19,128.35,126.4,129.73,125.98,12.13M,1.54%
27-Dec-19,126.41,125.92,127.04,123.18,12.25M,0.38%
26-Dec-19,125.93,125.24,132.12,124.53,15.55M,0.55%
25-Dec-19,125.24,128.05,128.17,124.18,13.23M,-2.20%
24-Dec-19,128.05,128.07,129.77,127.07,11.44M,-0.02%
23-Dec-19,128.08,132.2,134.92,126.55,14.73M,-3.11%
22-Dec-19,132.19,127.61,133.04,127.09,13.67M,3.59%
21-Dec-19,127.61,128.69,128.79,126.85,9.64M,-0.85%
20-Dec-19,128.7,128.42,129.66,126.31,12.29M,0.22%
19-Dec-19,128.42,132.93,133.9,126.12,14.22M,-3.39%
18-Dec-19,132.92,122.06,133.93,117.14,20.23M,8.89%
17-Dec-19,122.06,132.78,132.96,120.63,17.04M,-8.07%
16-Dec-19,132.78,142.55,142.75,131,17.60M,-6.84%
15-Dec-19,142.53,142.03,143.87,140.3,11.31M,0.35%
14-Dec-19,142.03,144.95,145.17,141.4,11.15M,-2.02%
13-Dec-19,144.96,,145.43,143.51,10.95M,-0.05%
12-Dec-19,145.03,143.51,145.82,140,12.23M,1.06%
11-Dec-19,143.51,145.88,146.57,142.53,10.93M,-1.61%
10-Dec-19,145.86,147.88,148.48,144.49,11.12M,-1.37%
09-Dec-19,147.88,151.17,151.75,147.02,9.67M,-2.18%
08-Dec-19,151.17,148.25,152.22,147.09,9.28M,1.95%
07-Dec-19,148.28,148.88,149.76,147.54,8.11M,-0.41%
06-Dec-19,148.89,148.7,149.36,147.01,8.77M,0.13%
05-Dec-19,148.69,145.79,149.08,144.64,9.99M,1.99%
04-Dec-19,145.79,147.81,151.02,143.95,12.85M,-1.37%
03-Dec-19,147.82,148.89,149.84,146.56,8.73M,-0.72%
02-Dec-19,148.89,151.06,151.63,147.49,9.18M,-1.43%
01-Dec-19,151.04,151.93,152.33,146.26,9.91M,-0.60%
30-Nov-19,151.95,154.57,155.19,150.45,8.79M,-1.68%
29-Nov-19,154.55,151.07,157.27,150.64,10.49M,2.30%
28-Nov-19,151.07,152.71,154.68,149.71,9.66M,-1.07%
27-Nov-19,152.7,147.6,155.43,141.91,13.34M,3.44%
26-Nov-19,147.61,145.88,149.81,144.04,10.84M,1.17%
25-Nov-19,145.9,140.58,151.26,131.78,17.98M,3.72%
24-Nov-19,140.66,152.46,153.24,139.79,11.39M,-7.74%
23-Nov-19,,149.79,154.25,146.6,11.84M,1.77%
22-Nov-19,149.8,161.46,163.06,139.13,21.12M,-7.22%
21-Nov-19,161.46,174.96,175.91,158.55,13.36M,-7.71%
20-Nov-19,174.96,176.09,177.42,173.99,8.39M,-0.64%
19-Nov-19,176.09,178.49,178.7,173.48,9.11M,-1.35%
18-Nov-19,178.5,184.19,184.33,176.08,9.57M,-3.09%
17-Nov-19,184.18,182.39,185.97,180.49,8.57M,0.97%
16-Nov-19,182.42,180.19,183.46,179.53,7.62M,1.24%
15-Nov-19,180.19,185.24,186.1,178.29,11.86M,-2.73%
14-Nov-19,185.25,188.36,188.91,183.96,9.57M,-1.65%
13-Nov-19,188.36,187,189.45,185.7,7.77M,0.73%
12-Nov-19,186.99,185.09,187.44,183.24,9.35M,1.03%
11-Nov-19,185.09,188.98,190.17,184.32,10.26M,-2.06%
10-Nov-19,188.99,184.96,191.28,183.55,10.95M,2.18%
09-Nov-19,184.96,184.02,185.73,182.86,8.31M,0.50%
08-Nov-19,184.03,186.95,188.35,181.83,11.71M,-1.56%
07-Nov-19,186.94,191.28,192.27,185.48,11.49M,-2.27%
06-Nov-19,191.28,188.66,194.11,188.13,11.72M,1.38%
05-Nov-19,188.67,185.86,191.45,183.12,11.78M,1.51%
04-Nov-19,185.85,181.72,188.27,180.69,11.89M,2.29%
03-Nov-19,181.7,183.01,184.51,179.46,10.41M,-0.72%
02-Nov-19,183.01,183.12,185.18,181.94,8.71M,-0.06%
01-Nov-19,183.12,182.38,184.28,178.69,10.78M,0.41%
31-Oct-19,182.37,183.25,185.21,178.24,12.94M,-0.48%
30-Oct-19,183.25,190.44,191.58,180.58,13.67M,-3.78%
29-Oct-19,190.45,181.67,192.28,181.67,14.03M,4.83%
28-Oct-19,181.67,184.06,188.91,180.7,12.75M,-1.29%
27-Oct-19,184.05,179.61,188.33,176.47,14.54M,2.46%
26-Oct-19,179.62,181.5,192.54,174.35,19.63M,-1.03%
25-Oct-19,181.49,160.73,186.24,160.41,16.19M,12.92%
24-Oct-19,160.73,162.26,163.68,159.4,11.36M,-0.95%
,162.28,171.44,171.61,154.42,16.00M,-5.34%
22-Oct-19,171.42,174.17,175.08,170.82,9.86M,-1.58%
21-Oct-19,174.18,175.14,177.67,171.91,9.24M,-0.55%
20-Oct-19,175.14,171.93,176.17,169.56,10.10M,1.88%
19-Oct-19,171.91,172.79,174.81,170.38,9.89M,-0.52%
18-Oct-19,172.81,177.31,177.47,169.28,11.27M,-2.54%
17-Oct-19,177.31,174.52,178.33,172.12,9.45M,1.59%
16-Oct-19,174.53,180.57,181.08,172.49,12.28M,-3.36%
15-Oct-19,180.59,186.64,187.67,178.26,11.45M,-3.23%
14-Oct-19,186.63,181.07,186.99,180.65,9.91M,3.05%
13-Oct-19,181.11,179.86,184.42,178.89,8.22M,0.69%
12-Oct-19,,180.6,184.49,178.78,9.85M,-0.40%
11-Oct-19,180.6,191.11,195.87,179.76,13.31M,-5.49%
10-Oct-19,191.1,192.65,194.08,187.33,10.42M,-0.80%
09-Oct-19,192.64,180.74,195.08,179.39,12.43M,6.56%
08-Oct-19,180.78,179.81,184.57,177.74,10.26M,0.51%
07-Oct-19,179.87,170.52,182.03,169.13,10.95M,5.46%
06-Oct-19,170.55,176.44,176.87,168.74,7.97M,-3.33%
05-Oct-19,176.43,175.65,176.63,172.39,7.30M,0.44%
04-Oct-19,175.65,174.58,178.43,171.33,8.44M,0.64%
03-Oct-19,174.54,180.26,180.57,170.65,8.89M,-3.18%
02-Oct-19,180.27,175.78,180.84,173.97,8.47M,2.56%
01-Oct-19,175.78,180.36,184.95,174.03,11.88M,-2.54%
30-Sep-19,180.35,169.28,180.52,165.59,11.93M,6.53%
29-Sep-19,169.29,173.62,174.43,164.97,9.90M,-2.49%
28-Sep-19,173.62,173.19,175.15,168.56,10.22M,0.25%
27-Sep-19,173.19,164.58,175.65,161.32,10.94M,5.24%
26-Sep-19,164.56,168.93,169.81,153.17,11.97M,-2.58%
25-Sep-19,168.92,166.29,174.26,162.12,13.88M,1.58%
24-Sep-19,166.29,201.22,202.97,164.78,19.02M,-17.34%
23-Sep-19,201.18,211.16,211.76,199.82,9.65M,-4.71%
22-Sep-19,211.13,215.23,215.64,206.71,9.72M,-1.90%
21-Sep-19,215.22,218.01,221.17,213.71,8.69M,-1.28%
20-Sep-19,218,220.22,221.27,213.12,9.10M,-1.00%
19-Sep-19,220.21,210.44,223.35,202.95,12.42M,4.65%
18-Sep-19,210.43,207.8,216.89,207.69,9.78M,1.28%
17-Sep-19,207.77,197.33,214.45,195.95,11.69M,5.29%
16-Sep-19,197.32,189.1,198.82,188.68,10.01M,4.35%
15-Sep-19,189.1,188.17,190.23,185.92,7.30M,0.50%
14-Sep-19,188.16,181.06,188.54,180.09,8.63M,3.89%
13-Sep-19,181.11,180.87,181.53,177.79,7.68M,0.13%
12-Sep-19,180.87,178.48,182.37,176.85,7.19M,1.35%
11-Sep-19,178.47,180.05,182.27,174.86,10.66M,-0.88%
10-Sep-19,180.05,180.64,184.16,177.44,8.27M,-0.33%
09-Sep-19,180.65,181.45,184.76,176.25,9.64M,-0.44%
08-Sep-19,181.44,177.76,183.42,177.36,8.34M,2.08%
07-Sep-19,177.74,169.14,180.63,168.42,9.05M,5.08%
06-Sep-19,169.15,173.82,177.79,166.16,9.98M,-2.70%
05-Sep-19,173.83,174.8,175.56,170.54,7.40M,-0.55%
04-Sep-19,174.79,178.82,180.06,173.85,7.55M,-2.25%
03-Sep-19,178.81,178.1,182.59,175.37,9.03M,0.39%
02-Sep-19,178.11,169.72,180.56,169.45,9.27M,4.94%
01-Sep-19,169.72,171.62,173.22,167.08,7.80M,-1.11%
31-Aug-19,171.62,168.14,174.43,166.16,7.89M,2.06%
30-Aug-19,168.16,168.68,170.27,165.38,7.49M,-0.29%
29-Aug-19,168.66,172.85,173.05,164.04,9.55M,-2.43%
28-Aug-19,172.85,186.6,187.13,167.57,9.72M,-7.36%
27-Aug-19,186.58,188.36,188.61,184.26,7.19M,-0.93%
26-Aug-19,188.34,186.32,193.09,186.02,9.02M,1.09%
25-Aug-19,186.3,190.16,191.49,182.81,7.58M,-2.02%
24-Aug-19,190.15,193.42,193.47,186.13,8.38M,-1.70%
23-Aug-19,193.43,190.29,195.32,175.8,8.56M,1.65%
22-Aug-19,190.29,187.27,194.42,182.97,9.97M,1.63%
21-Aug-19,187.24,196.15,196.78,181.29,12.98M,-4.54%
20-Aug-19,196.14,201.65,201.96,194.55,10.01M,-2.73%
19-Aug-19,201.64,193.67,202.81,192.33,8.14M,4.11%
18-Aug-19,193.68,184.83,197.17,182.96,9.11M,4.80%
17-Aug-19,184.81,184.55,186.12,181.58,8.78M,0.14%
16-Aug-19,184.55,187.67,188.03,179.35,11.33M,-1.73%
15-Aug-19,187.8,186.59,189.3,176.08,14.03M,0.66%
14-Aug-19,186.56,207.68,209.43,183.74,12.46M,-10.17%
13-Aug-19,,210.48,211.01,106.01,18.29M,-1.32%
12-Aug-19,210.45,215.84,215.97,209.49,7.94M,-2.49%
11-Aug-19,215.83,205.92,216.23,205.64,7.63M,4.81%
10-Aug-19,205.93,209.46,213.53,202.35,8.70M,-1.70%
09-Aug-19,209.49,220.12,220.49,206.4,9.66M,-4.84%
08-Aug-19,220.16,224.68,,215.57,7.54M,-2.00%
07-Aug-19,224.66,225.62,229.22,220.62,7.90M,-0.43%
06-Aug-19,225.63,232.45,237.47,222.46,9.35M,-2.93%
05-Aug-19,232.45,220.76,235,220.75,9.79M,5.31%
04-Aug-19,220.72,220.89,222.21,216.31,6.51M,-0.08%
03-Aug-19,220.89,216.52,223,215.52,6.99M,2.01%
02-Aug-19,216.54,216.37,220.84,213.93,7.56M,0.08%
01-Aug-19,216.37,217.23,217.55,211.23,7.09M,-0.40%
31-Jul-19,217.23,208.49,218.19,208.17,7.51M,4.19%
30-Jul-19,208.49,209.81,212.88,204.54,7.15M,-0.63%
29-Jul-19,209.82,210.39,214.45,207.37,7.20M,-0.26%
28-Jul-19,210.37,206.64,212.01,199.68,7.54M,1.81%
27-Jul-19,206.62,217.8,222.7,203.5,8.55M,-5.15%
26-Jul-19,217.83,217.65,218.65,212.07,6.96M,0.09%
25-Jul-19,217.65,215.45,224.05,214.79,8.42M,1.02%
24-Jul-19,215.44,211.86,217.02,202.3,9.72M,1.69%
23-Jul-19,211.87,217.27,218.03,208.31,8.70M,-2.49%
22-Jul-19,217.27,225.03,227.47,212.46,8.60M,-3.44%
21-Jul-19,225.01,227.83,228.76,217.72,8.50M,-1.25%
20-Jul-19,227.86,220.11,233.7,219.8,9.12M,3.53%
19-Jul-19,220.09,225.23,225.68,213.57,9.38M,-2.28%
18-Jul-19,225.23,210.95,228.42,206.47,12.65M,6.77%
17-Jul-19,210.95,198.88,219.13,192.91,13.51M,6.07%
16-Jul-19,198.87,228.49,234.41,193.48,14.52M,-12.96%
15-Jul-19,228.49,226.56,235.43,204.39,14.59M,0.82%
14-Jul-19,226.62,269.12,269.62,223.95,11.86M,-15.80%
13-Jul-19,269.16,274.68,275.04,262.85,7.84M,-2.01%
12-Jul-19,274.68,268.72,278.33,266.81,7.95M,2.22%
11-Jul-19,268.72,289.13,289.14,263.08,11.36M,-7.05%
10-Jul-19,289.1,307.44,313.81,281.53,12.44M,-5.96%
09-Jul-19,307.41,312.23,317.94,303.38,9.13M,-1.54%
08-Jul-19,312.23,304.87,313.15,301.6,8.50M,2.41%
07-Jul-19,304.88,288.11,309.42,285.28,8.43M,5.83%
06-Jul-19,288.08,287.16,296.06,285.61,7.56M,0.32%
05-Jul-19,287.15,283.36,293.61,281.92,7.80M,1.31%
04-Jul-19,283.43,300.51,301.56,281.18,7.26M,-5.70%
03-Jul-19,300.58,291.48,301.64,289.39,7.90M,3.14%
02-Jul-19,291.41,294.87,297,273.07,10.30M,-1.16%
01-Jul-19,294.83,292.23,303,280.35,9.57M,0.90%
30-Jun-19,292.21,318.26,323.21,290.78,9.82M,-8.25%
29-Jun-19,318.48,310.52,324.13,295.44,9.03M,2.55%
28-Jun-19,310.56,297.73,312.7,295.3,9.93M,4.37%
27-Jun-19,297.55,338.54,345.83,279.82,16.13M,-12.11%
26-Jun-19,338.54,317.65,364.89,315.99,15.73M,6.58%
25-Jun-19,317.65,311.47,318.49,307.75,8.51M,1.99%
24-Jun-19,311.46,308.51,313.67,297.9,7.10M,0.95%
23-Jun-19,308.53,310.39,320.79,306.12,8.49M,-0.59%
22-Jun-19,310.38,294.69,314,292.09,10.69M,5.31%
21-Jun-19,294.72,271.45,295.72,271.45,11.06M,8.58%
20-Jun-19,271.43,268.26,273.18,264.83,7.04M,1.18%
19-Jun-19,268.26,264.59,269.79,263.61,6.23M,1.39%
18-Jun-19,264.59,273.02,273.26,261.76,7.39M,-3.08%
17-Jun-19,273,268,274.14,266.96,7.41M,1.87%
,267.98,267.74,282.75,263.96,8.66M,0.09%
15-Jun-19,267.75,262.53,271.61,260.92,6.52M,1.99%
14-Jun-19,262.53,254.89,268.81,252.01,6.87M,3.01%
13-Jun-19,254.86,261.38,262.47,254.02,7.30M,-2.55%
12-Jun-19,261.54,244.38,261.67,242.57,7.89M,7.01%
11-Jun-19,,246.85,247.77,237.6,6.92M,-0.99%
10-Jun-19,246.86,231.21,246.99,227.38,8.39M,6.74%
09-Jun-19,231.27,243.43,244.36,227,7.80M,-4.99%
08-Jun-19,243.42,248.98,250.51,241.09,6.23M,-2.23%
07-Jun-19,248.98,248.63,253.12,244.33,7.41M,0.18%
06-Jun-19,248.54,245.81,250,236.4,7.72M,1.10%
05-Jun-19,245.83,241.27,248.24,237.94,8.64M,1.89%
04-Jun-19,241.26,250.26,251.47,235.35,11.39M,-3.64%
03-Jun-19,250.37,269.03,269.77,248.77,9.23M,-6.93%
02-Jun-19,269.01,264.26,272.64,263.59,7.31M,1.78%
01-Jun-19,264.31,267.94,274.94,261.14,9.06M,-1.37%
31-May-19,267.99,254.57,268.7,246.61,11.63M,5.29%
30-May-19,254.52,268.62,287.99,241.51,15.52M,-5.24%
29-May-19,268.61,271.16,273.72,260.85,22.33M,-0.95%
28-May-19,271.18,270.97,275.39,265.5,9.35M,0.08%
27-May-19,270.98,264.66,279.07,262.96,11.58M,2.38%
26-May-19,264.68,250.69,268.75,245.92,10.06M,5.59%
25-May-19,250.68,249.2,256.9,247.9,8.58M,0.61%
24-May-19,249.17,244.68,254.22,241.74,10.07M,1.83%
23-May-19,244.68,244.35,247.3,231.89,13.07M,0.14%
22-May-19,244.34,253.7,259.7,241.68,10.83M,-3.71%
21-May-19,253.76,250.72,261.59,246.85,10.24M,1.21%
20-May-19,250.72,259.68,259.68,238.64,12.38M,-3.43%
19-May-19,259.63,233.87,263.05,232.85,14.38M,11.01%
18-May-19,233.89,244.38,247.84,232.13,13.93M,-4.32%
17-May-19,244.45,264.68,267.8,224.62,22.54M,-7.65%
16-May-19,264.69,248.14,278.52,244.27,25.14M,6.66%
15-May-19,248.15,217.34,249.78,217.32,18.66M,14.13%
14-May-19,217.42,196,220.02,195.22,16.80M,10.92%
13-May-19,196.02,188.09,206.1,185.69,14.80M,4.22%
12-May-19,188.07,192.17,202.93,182.81,18.52M,-2.18%
11-May-19,192.27,172.78,204.72,172.75,20.90M,11.28%
10-May-19,172.77,170.85,175.78,168.86,12.73M,1.13%
09-May-19,170.84,170.76,173.28,167.03,10.03M,0.04%
08-May-19,170.77,169.34,172.68,165.7,9.75M,0.84%
07-May-19,169.34,172.99,181.39,169.06,15.23M,-2.11%
06-May-19,173,163.03,176.98,159.66,12.97M,6.11%
05-May-19,163.03,163.67,165.25,159.56,8.54M,-0.39%
04-May-19,163.68,167.87,171.04,160.36,10.23M,-2.49%
03-May-19,167.86,161.66,169.8,160.86,10.23M,3.83%
02-May-19,161.66,160.35,162.88,159.22,8.13M,0.80%
01-May-19,160.38,161.84,163.7,158.85,7.74M,-0.88%
30-Apr-19,161.8,154.94,162.56,154.94,9.57M,4.44%
29-Apr-19,154.93,158.3,159.16,152.6,10.69M,-2.11%
28-Apr-19,158.27,159.43,160.28,157.54,8.28M,-0.71%
27-Apr-19,159.41,157.96,161.95,156.74,8.51M,0.91%
26-Apr-19,157.97,155.16,161.82,152.32,11.52M,1.80%
25-Apr-19,155.18,165.23,165.81,151.73,10.78M,-6.07%
24-Apr-19,165.22,169.94,170.53,154.87,11.61M,-2.78%
23-Apr-19,169.95,170.87,175.92,169.01,10.17M,-0.54%
22-Apr-19,170.87,168.5,172.32,167.07,8.62M,1.39%
21-Apr-19,168.52,172.89,173.42,164.81,8.78M,-2.43%
20-Apr-19,172.73,172.79,176.71,170.17,8.19M,-0.04%
19-Apr-19,172.79,173.34,173.41,169.15,9.26M,-0.31%
18-Apr-19,173.33,165.91,175.02,165.38,10.16M,4.48%
17-Apr-19,165.9,165.61,167.21,164.26,7.56M,0.16%
16-Apr-19,165.65,160.16,166.64,159.52,7.66M,3.42%
15-Apr-19,160.17,167.3,168.63,153.65,7.71M,-4.25%
14-Apr-19,167.29,163.19,168.18,161.52,5.89M,2.51%
13-Apr-19,163.19,163.46,165.27,161.34,5.52M,-0.17%
12-Apr-19,163.47,164.37,166.08,158.93,7.12M,-0.54%
11-Apr-19,164.36,177.39,177.63,159.6,11.11M,-7.33%
10-Apr-19,177.37,175.09,183.49,171.61,12.10M,1.30%
09-Apr-19,175.09,179.16,179.24,172.15,10.82M,-2.27%
08-Apr-19,179.16,174.32,185.54,171.87,14.83M,2.77%
07-Apr-19,174.33,165.58,175.37,164.17,9.88M,5.30%
06-Apr-19,165.55,164.93,172.53,160.22,10.37M,0.37%
05-Apr-19,,157.43,167.34,156.42,10.06M,4.77%
04-Apr-19,157.43,160.34,164.33,153.26,13.55M,-1.81%
03-Apr-19,160.34,163.47,177.29,152.24,47.66M,-1.92%
02-Apr-19,163.47,141.5,165.42,141.29,36.03M,15.53%
01-Apr-19,141.5,141.77,143.28,140.26,11.85M,-0.20%
31-Mar-19,141.79,142.65,142.69,140.71,9.33M,-0.60%
30-Mar-19,142.65,143.38,145.85,140.43,12.81M,-0.51%
29-Mar-19,143.38,138.17,143.53,138.13,12.09M,3.79%
28-Mar-19,138.15,139.63,,137.68,9.52M,-1.08%
27-Mar-19,139.65,134.37,140.08,133.89,15.47M,3.93%
26-Mar-19,134.37,134.25,134.99,132.61,9.47M,0.08%
,134.25,136.44,137.05,132.36,11.49M,-1.60%
24-Mar-19,136.44,137.53,137.53,135.5,9.66M,-0.79%
23-Mar-19,137.53,136.42,138.3,135.76,9.16M,0.81%
22-Mar-19,136.42,135.11,137.44,134.65,10.18M,0.97%
21-Mar-19,135.11,139.32,139.74,133.05,12.95M,-3.02%
20-Mar-19,139.31,138.72,139.75,136.56,10.46M,0.42%
19-Mar-19,138.72,137.92,139.5,137.1,10.84M,0.58%
18-Mar-19,137.92,138.91,141.87,136.86,12.87M,-0.71%
17-Mar-19,138.91,141.15,141.17,137.61,9.79M,-1.59%
16-Mar-19,141.15,136.77,143.95,136.75,16.89M,3.21%
15-Mar-19,136.75,132.44,137.68,132.44,12.55M,3.25%
14-Mar-19,132.45,131.97,134.82,130.48,9.79M,0.36%
13-Mar-19,131.97,133.81,133.84,131.2,9.59M,-1.37%
12-Mar-19,133.8,,134.93,129.14,13.03M,0.61%
11-Mar-19,132.99,135.72,136.23,131.66,11.17M,-2.01%
10-Mar-19,135.72,137.52,137.75,134.53,9.21M,-1.31%
09-Mar-19,137.52,133.84,138.57,133.38,10.79M,2.74%
08-Mar-19,133.85,136.93,139.45,131.66,12.38M,-2.25%
07-Mar-19,136.93,137.62,139.98,135.72,13.29M,-0.50%
06-Mar-19,137.62,136.82,149.49,133.94,14.70M,0.58%
05-Mar-19,136.82,125.97,141.11,125.44,16.74M,8.61%
04-Mar-19,125.97,131.02,131.57,123.25,14.11M,-3.85%
03-Mar-19,131.01,132.77,168.42,129.05,10.64M,-1.32%
02-Mar-19,132.76,135.72,136.36,130.74,11.29M,-2.18%
01-Mar-19,135.72,135.47,138.06,128.46,9.73M,0.18%
28-Feb-19,135.47,135.2,138.56,133.09,16.08M,0.20%
27-Feb-19,,136.66,159.6,128.15,16.11M,-1.08%
26-Feb-19,136.67,138.26,138.66,134.48,11.75M,-1.15%
25-Feb-19,138.27,132.94,141.57,132.85,10.55M,4.02%
24-Feb-19,132.93,158.31,165.79,132.87,14.30M,-16.03%
23-Feb-19,158.3,147.97,159.31,146.28,8.31M,6.99%
22-Feb-19,147.97,145.79,148.83,144.27,6.79M,1.50%
21-Feb-19,145.78,149.01,149.55,143.5,7.21M,-2.23%
20-Feb-19,149.11,144.02,149.46,140.88,8.61M,3.54%
19-Feb-19,144.01,145.79,149.84,143.8,9.90M,-1.22%
18-Feb-19,145.8,133.79,147.64,125.07,11.93M,8.98%
17-Feb-19,133.79,122.88,135.27,122.78,8.67M,8.89%
16-Feb-19,122.87,121.72,124.5,121.71,5.33M,0.94%
15-Feb-19,121.73,120.97,124,120.87,5.69M,0.63%
14-Feb-19,120.97,122.21,124.46,120.44,5.81M,-1.02%
13-Feb-19,122.22,122.66,126.17,121.06,6.17M,-0.35%
12-Feb-19,122.64,121.32,123.99,119.28,5.74M,1.10%
11-Feb-19,121.3,124.94,125.05,119.55,6.13M,-2.89%
10-Feb-19,124.92,119.44,125.46,116.42,6.32M,4.59%
09-Feb-19,119.44,119.27,121.09,117.96,5.21M,0.17%
08-Feb-19,119.23,104.55,122.58,103.89,9.19M,14.05%
07-Feb-19,104.55,104.63,106.12,104.29,5.05M,-0.08%
06-Feb-19,104.63,107.37,107.67,102.28,6.15M,-2.55%
05-Feb-19,107.37,107.91,108.32,106.6,4.67M,-0.50%
04-Feb-19,107.9,107.63,109.24,106.95,5.02M,0.27%
03-Feb-19,107.62,110.67,111.25,106.36,5.01M,-2.77%
02-Feb-19,110.68,,111.16,106.29,4.23M,3.46%
01-Feb-19,106.98,106.74,108.54,104.41,4.98M,0.26%
31-Jan-19,106.71,108.51,110.56,105.86,5.11M,-1.66%
30-Jan-19,108.52,104.76,109.67,103.82,5.95M,3.55%
29-Jan-19,104.79,105.82,107.32,102.89,5.41M,-0.98%
28-Jan-19,105.82,112.5,113.14,101.6,7.45M,-5.94%
27-Jan-19,112.5,115.83,116.24,112.03,4.65M,-2.88%
26-Jan-19,115.83,115.5,117.63,115.37,3.48M,0.29%
25-Jan-19,,116.7,117.41,115.03,4.75M,-1.03%
24-Jan-19,116.71,116.84,117.32,114.93,4.38M,-0.11%
23-Jan-19,116.84,118.23,119.01,115.52,4.35M,-1.18%
22-Jan-19,118.23,116.05,119.47,112.36,5.11M,1.88%
21-Jan-19,116.05,117.52,118.04,114.15,4.80M,-1.25%
20-Jan-19,117.52,123,123.52,116.25,3.93M,-4.47%
19-Jan-19,123.02,119.34,125.37,119.34,3.36M,3.09%
18-Jan-19,119.34,122.02,122.19,118.27,2.59M,-2.20%
17-Jan-19,122.03,121.71,,117.51,3.61M,0.25%
16-Jan-19,121.72,119.59,126.5,119.1,3.83M,1.75%
